id,firstname,lastname,email,gender,phone,address,country,dob
1,Anthony,Carter,ycarter@brown.com,Non-binary,161-790-8488,"85471 Heidi Run, West Pamfurt, IN 60233",Namibia,1970-06-26
2,Melanie,Miller,allen05@henry.biz,Non-binary,001-656-907-6965,"095 Waller Dam Suite 998, South Brooke, GA 37334",Bahrain,1956-02-12
3,Michael,Hanson,brian60@yahoo.com,Non-binary,001-147-016-3485x2199,"420 Whitehead Fort, Huntershire, FL 31417",French Polynesia,1959-12-16
4,Virginia,Mccullough,nneal@rivera.info,Female,746.683.0741,"3761 Gaines Spurs Apt. 375, Sonyaton, HI 47735",Cambodia,1999-01-06
5,Danny,Robinson,patricia36@hotmail.com,Female,+1-347-599-4915x6851,"884 Stephens Fall Suite 968, Angelaborough, MI 21016",Tajikistan,1944-09-25
6,Emily,Foster,cbailey@garrett.com,Non-binary,+1-464-825-3623x547,"PSC 9334, Box 0317, APO AE 23145",Cape Verde,1996-07-03
7,Joseph,Munoz,goodwindeanna@yahoo.com,Female,+1-303-583-6542x414,"2679 Brown Hill, West Susanstad, VT 48602",Greece,2005-10-17
8,James,Reed,markhansen@gmail.com,Non-binary,+1-124-388-6577x7869,"109 Simpson Springs Apt. 298, North Gracebury, TN 36299",Pitcairn Islands,1947-04-06
9,April,Wood,bmartinez@yahoo.com,Non-binary,204.112.1296x694,"3376 Hester Landing, Laurenmouth, AK 72214",Czech Republic,2006-04-06
10,Lisa,Gaines,richard95@hotmail.com,Non-binary,8814252228,"365 Whitney Drives Suite 273, Elizabethton, MN 78477",Australia,2002-04-04
11,Alan,Fuentes,johnsonrobert@pierce-hull.biz,Female,213.111.5866x3872,"09272 Durham Mews Apt. 888, West Jerrytown, MA 73868",Russian Federation,1955-04-04
12,Brianna,Palmer,josephdavis@yahoo.com,Male,+1-275-278-7134x84517,"8230 Travis Stream, East Mary, IA 15132",Djibouti,1995-12-23
13,Andrea,Taylor,mariaball@gmail.com,Female,+1-914-110-6276x014,"USNV Greene, FPO AP 54469",Costa Rica,1967-08-11
14,Erin,Fletcher,gilbertamy@campbell-rodriguez.com,Non-binary,695.006.2749x426,"7384 Williams Crossroad, Kennethstad, MD 08351",Hungary,1960-08-19
15,Kara,Lee,kimberly41@yahoo.com,Female,588.421.3232x008,"278 Anthony Hollow, East Michelleshire, LA 30176",Ethiopia,2006-10-03
16,Charles,Harris,robert56@yahoo.com,Non-binary,+1-172-314-0497x271,"869 Donna Radial Suite 158, Tuckerburgh, SD 80454",Comoros,1981-12-31
17,Kim,Anderson,josephmartinez@gmail.com,Non-binary,024-831-1689x3582,"21326 William Islands, Jonesside, MO 87134",Israel,2003-06-04
18,Savannah,Rodriguez,asnyder@smith.com,Male,001-480-698-2319,"6351 Laura Route, Jakemouth, MS 87116",Svalbard & Jan Mayen Islands,1958-09-23
19,Jack,Kennedy,harveytammy@yahoo.com,Male,746.818.2670x4718,"05091 Brewer Dale Suite 785, South Jason, AL 02359",Cameroon,1964-08-23
20,Amy,Woodward,samantha12@gmail.com,Non-binary,654-467-3018,"PSC 7925, Box 6413, APO AE 63578",Peru,1958-06-16
21,Amanda,Bruce,taylorsarah@rivera.info,Male,(192)184-1845x4443,"570 Woods Tunnel, West Karenmouth, MO 44573",Australia,1949-09-11
22,Aaron,Berry,mckenzieanderson@crawford.com,Non-binary,(488)679-7887,"PSC 0858, Box 7203, APO AA 25241",Russian Federation,1982-08-02
23,Matthew,Baker,amandaprice@fisher.com,Female,+1-663-307-0674x1285,"27948 Rogers Turnpike Apt. 626, East Michellemouth, GA 76361",Morocco,2004-01-31
24,Jason,Owens,sextonjesse@hotmail.com,Non-binary,776.377.2705,"6772 Megan Creek Suite 230, Calhounburgh, CT 53724",Gambia,1987-05-07
25,Erin,Faulkner,samanthacisneros@yahoo.com,Non-binary,+1-756-031-7604,"58758 Ward Ridge Apt. 476, Josephfurt, AL 69963",British Indian Ocean Territory (Chagos Archipelago),2002-04-16
26,Connor,Hartman,sjohnson@hotmail.com,Non-binary,001-919-993-1340x385,"74913 Boyd Ridge Suite 464, Port Marcusville, MA 01093",Sao Tome and Principe,1980-10-24
27,Steven,Wise,susan54@wagner.org,Male,9143706592,"Unit 5370 Box 0201, DPO AE 76775",Marshall Islands,1989-04-22
28,Stacy,Raymond,kimberlyjohnston@thompson.com,Female,541.363.3829,"7167 Maria Canyon Suite 735, Tonystad, NM 56046",South Africa,1974-04-26
29,Joseph,Salazar,amber55@yahoo.com,Male,485-011-7170x66157,"11462 Andrews Prairie, Stephenfurt, SD 89615",Tonga,1997-10-21
30,Heather,Simon,wilsonantonio@gonzalez.com,Non-binary,+1-370-362-9164x550,"56002 John Loaf, Erinberg, NJ 57023",Thailand,1956-05-24
31,Jessica,Carter,stephaniefloyd@becker.biz,Male,126.829.6937x516,"28868 Joshua Trace Apt. 794, South Nathanchester, MI 06502",Turkey,1969-05-16
32,Katherine,Williams,ramoseric@yahoo.com,Non-binary,254.547.2765x63106,"45522 Ball Inlet, Kyletown, LA 91225",Uruguay,1946-08-27
33,Greg,Robinson,cnorman@jacobs.net,Non-binary,1953303212,"1090 Thompson Prairie Apt. 415, Lake Rickyberg, NM 67577",Central African Republic,1944-11-12
34,Deanna,Collins,swilson@yahoo.com,Male,(844)862-7419,"9682 Susan View, West Laurentown, AK 31500",Trinidad and Tobago,1966-05-03
35,Sylvia,Rice,tammy58@gmail.com,Male,(946)753-8203,"0554 Daniel Oval Apt. 533, Thomasview, TN 84459",Norfolk Island,1980-07-12
36,James,Andrews,whitewilliam@gmail.com,Female,143-240-2472x26386,"05520 Shaw Greens Apt. 147, New Brittany, MA 49894",Morocco,1946-09-01
37,Kathy,Hester,richard16@gmail.com,Female,654-615-6039x77194,"85768 Joshua Meadows, South Saratown, NY 40951",Barbados,1945-02-26
38,Laura,Stewart,lewisjason@scott-mann.info,Male,+1-716-209-9056x77953,"50927 Miranda Glens, Benjaminton, MN 71132",Wallis and Futuna,1988-12-12
39,Daniel,Dyer,guerrerorandy@yahoo.com,Male,3118732529,"6262 Powell Branch, Rasmussenmouth, AL 93675",Marshall Islands,1990-02-27
40,Joshua,Robinson,stephencarpenter@yahoo.com,Male,244-198-4862x366,"24788 Arthur Route Suite 524, East Stephenhaven, DE 68311",Solomon Islands,1970-10-11
41,Richard,Thomas,tanderson@hotmail.com,Female,001-087-741-2576x6907,"USNS Adams, FPO AP 94391",Denmark,1987-02-02
42,Daniel,Hill,khernandez@bird.com,Female,247.756.9513x5434,"7326 Jennifer Union, Lake Connie, MT 69358",Germany,1975-11-02
43,Jacob,Mcdaniel,btaylor@gmail.com,Non-binary,535.707.0951,"766 Sean Burg Apt. 020, Smithfurt, NJ 54081",Togo,1995-02-21
44,Jorge,Kennedy,ibrooks@yahoo.com,Female,5802494833,"071 David Course Apt. 618, Darlenemouth, OK 42012",Suriname,1963-06-18
45,Sara,Parker,esantiago@wallace.biz,Female,(697)434-0532x224,"06289 Jacob Forks Suite 712, New Kristenmouth, MA 44363",Afghanistan,1997-05-25
46,Mark,Wong,victor07@hotmail.com,Female,560-967-7964x0596,"USCGC Cooper, FPO AA 12086",Fiji,2005-02-15
47,Lisa,Farrell,shaneturner@trujillo.org,Female,7774027897,"134 Gregory Rue Suite 776, South Luisfort, AL 26776",Bosnia and Herzegovina,1980-04-22
48,Melissa,King,chapmanpatrick@thompson-richardson.com,Non-binary,927.646.5020x7069,"5732 Sheena Brook Apt. 948, North Sherylmouth, MI 41555",Korea,1971-02-24
49,James,Wallace,russelljack@yahoo.com,Female,(703)539-4985x4857,"4472 Michael Garden Apt. 550, New Jessicaburgh, GA 43493",Eritrea,1991-03-01
50,Randy,Perkins,dsaunders@griffin.com,Male,083.389.6275x0339,"62850 Zoe Way Suite 446, Kaylaborough, AL 66627",Bangladesh,1957-02-05
51,Brian,Frey,slewis@hotmail.com,Female,001-172-523-2787x74756,"51273 Jason Lane, Lake Doris, GA 28778",Wallis and Futuna,1995-08-22
52,Henry,Bates,donald22@hotmail.com,Non-binary,+1-759-536-8742x172,"70409 Ruiz Causeway Suite 258, New Daniel, MO 30735",Turkmenistan,2003-01-25
53,Eric,Contreras,rachael35@yahoo.com,Non-binary,396-468-2403x4148,"754 Christopher Shores Suite 936, New Melissaborough, IN 70785",Jamaica,1976-02-28
54,Julie,Dyer,nicholsangela@gmail.com,Non-binary,998.751.5820x240,"13319 Pamela Tunnel, East Barbaramouth, MO 88711",Bolivia,1981-09-10
55,Robert,Mcconnell,susan36@gray-castro.com,Female,4481100727,"48592 Howell Turnpike, Stevenhaven, IL 69857",Austria,1989-02-05
56,Emily,Wood,khanjohn@freeman.net,Male,(754)286-1343x6050,"365 Delgado Lights, North Molly, PA 18978",Taiwan,2006-10-11
57,Christopher,Sanchez,luis76@martin-chapman.org,Non-binary,981.144.6177x3782,"939 Anthony Forks Apt. 712, Port Yvonneborough, KY 54201",New Caledonia,1960-05-21
58,Justin,Cooper,james45@wilson.com,Female,872-848-7385,"47308 Wright Mountain, West Jordanton, MO 42220",Samoa,1955-01-12
59,Jeffery,Murphy,smithwendy@jones.net,Non-binary,3995779365,"132 Woods Ranch Suite 095, Jasonville, MA 57957",Gambia,2006-05-21
60,Courtney,Lynch,derekgibson@lopez-kennedy.net,Non-binary,001-668-623-5334x61272,"95750 Swanson Center, South Elizabeth, SC 71975",Albania,1948-08-20
61,Kristine,Chambers,amy96@spencer.info,Male,200-554-6292x1911,"204 Kayla Hills, Port Blakefort, OK 42665",Nigeria,1985-05-22
62,Darlene,Logan,moodykatherine@harper.com,Male,(904)764-2062,"42059 Veronica Drive Apt. 460, South Brettland, SD 73110",Anguilla,1996-03-17
63,Michael,Murphy,cguzman@gmail.com,Non-binary,(979)959-0396x175,"9661 Novak Island Apt. 561, North Charlestown, MA 66286",Morocco,1992-05-07
64,Jason,Mcneil,evanhughes@sullivan-williams.biz,Female,(176)160-5607x82185,"260 Rodriguez Trafficway, Port Mark, TN 76572",Cuba,2001-09-15
65,Shawn,Navarro,roberta69@lewis-reed.info,Non-binary,001-145-629-6107x7420,"2606 Roberta Mountains Apt. 350, Port Cynthia, NJ 02802",Argentina,2006-05-10
66,Allison,Hutchinson,timothy08@griffin.com,Non-binary,331-301-0397,"83678 Levine Bridge, Castillofort, NE 28822",Saint Pierre and Miquelon,1951-03-16
67,Darin,Foster,maryevans@shah.com,Male,+1-149-512-9099,"58295 Rodriguez Meadow, Mariahtown, TX 97371",Iraq,1965-07-09
68,Michael,Johnson,moorerobin@hotmail.com,Male,710-820-1920x686,"79585 Rivera Valleys, Hernandezberg, PA 22472",Falkland Islands (Malvinas),1948-04-10
69,Michelle,Davenport,turnermark@gmail.com,Non-binary,+1-405-190-6166x6336,"018 Anne Expressway, Lake Randallberg, NC 22528",Hungary,1991-07-27
70,Margaret,Harrison,jeromecooper@hotmail.com,Non-binary,+1-603-725-5142x846,"33367 Rebecca Mountain, Nancyhaven, MN 11188",Uganda,1988-05-26
71,Craig,Hartman,pattersonshari@hotmail.com,Male,+1-122-933-9004x574,"5982 Kelly Estates, New Jason, IA 77722",Madagascar,1963-06-22
72,Hunter,Bird,robertsjoseph@smith.com,Non-binary,773-287-3266,"397 Copeland Cliffs, East Johnton, WV 60644",Liechtenstein,1948-07-05
73,Anna,Sutton,hwhite@williams-thompson.com,Female,862.734.0772x050,"PSC 3821, Box 1990, APO AE 71858",Denmark,1965-05-27
74,Matthew,Jackson,ycox@anthony.net,Non-binary,(471)707-3349,"8502 Joel Squares, Darrenchester, CO 44861",Norway,2001-06-06
75,Lisa,Trujillo,dvaughan@gmail.com,Non-binary,(762)396-2554x55489,"017 Jim Camp Apt. 486, Port Jason, WA 14451",Algeria,1978-02-04
76,Christopher,Reyes,steelecrystal@hotmail.com,Non-binary,001-516-229-9148x19871,"19128 Peters Plains, East Maxwell, MI 11005",Belarus,1965-02-15
77,Amy,Cisneros,robertellis@collins-vega.com,Female,117.472.5799x50390,"Unit 0192 Box 9181, DPO AP 16318",Egypt,1966-11-01
78,Elizabeth,Campbell,zhamilton@gonzalez.com,Female,(429)239-8600x430,"16678 Hawkins Wall Suite 060, New Lauren, KY 67850",Panama,2004-04-18
79,Amanda,Rose,blackjohn@gmail.com,Male,872.332.8125x472,"97222 Macdonald Mountains, New Fredstad, NM 61580",Qatar,1954-07-22
80,Jean,Turner,david40@gmail.com,Male,001-312-104-9629x554,"853 Watkins Skyway Apt. 354, New Kimberlyshire, NE 12786",South Africa,2004-04-11
81,Ashley,Nelson,jeremyvasquez@hotmail.com,Non-binary,837.916.4552,"Unit 0096 Box 0478, DPO AP 77851",Kiribati,1952-04-11
82,Sarah,Jackson,stephen83@mcdonald-munoz.com,Female,204.597.6850x62575,"715 Matthew Landing Suite 687, East Alyssa, VA 04869",Kuwait,1992-01-22
83,Jenna,Potts,tabitha26@sanders-odom.com,Female,618.965.1626,"543 Holland Radial Suite 835, North Theresaview, NE 90906",Spain,1969-12-19
84,Jody,Moore,dennismedina@fox-hayden.net,Female,001-805-284-8327x43815,"06126 Davis Green, Cooktown, AK 93777",Dominica,1958-03-01
85,Jeffrey,Juarez,rachel47@george.net,Non-binary,001-552-691-4705x779,"086 Willie Lock Apt. 885, Starkfurt, GA 42304",French Southern Territories,1975-07-05
86,Nicole,Harris,summersjessica@gmail.com,Male,001-151-098-0518,"177 Christopher Meadows, Lauramouth, KY 59293",Maldives,1947-06-20
87,Travis,Miller,langjamie@hart.com,Non-binary,+1-099-299-2921,"165 Sanchez Locks, South Sarahborough, WI 75707",Marshall Islands,2004-05-22
88,Danny,Luna,nicholas58@williams.org,Non-binary,001-076-012-5726x742,"PSC 0834, Box 1146, APO AP 00846",Aruba,1985-09-29
89,Amy,Morton,egill@hotmail.com,Female,(691)862-4903,"PSC 4335, Box 9892, APO AE 86863",Niue,1974-10-07
90,Michelle,Brown,eadams@phillips.net,Female,(976)308-5939x548,"00230 Wilson Trail Suite 535, Lake Kelseyside, NJ 59213",Denmark,1958-05-21
91,Sandra,Harris,breanna38@martin-kelley.org,Male,+1-245-910-1506x90678,"Unit 4398 Box 1411, DPO AE 88447",Pitcairn Islands,1974-12-06
92,John,Mcknight,joshua07@gmail.com,Female,+1-518-634-8475x908,"8875 Karen Streets Apt. 930, Burkemouth, ID 64141",Burundi,1955-02-23
93,Jasmine,Garcia,kaylee18@bauer.org,Female,+1-842-906-4314,"1135 Rachel Road, Meganside, NM 57454",Papua New Guinea,1990-08-07
94,Guy,Mitchell,joshua76@gmail.com,Male,920-432-8798,"90571 David Centers Apt. 638, East Joan, VT 77126",Somalia,1973-07-30
95,Jonathan,Ray,dawn42@byrd.com,Female,319.004.7984x84164,"37076 Moreno Union Suite 766, North Denisemouth, AK 21352",Malta,1975-02-22
96,Justin,Baldwin,william12@gmail.com,Female,662.422.8369,"476 Gonzales Crossroad, East Marychester, MS 97953",Bosnia and Herzegovina,1973-03-27
97,Charles,Bartlett,duncanfrancisco@shea-christian.com,Non-binary,4135795808,"2140 Stewart Groves, Lake Kristibury, NJ 37048",Yemen,1997-07-06
98,Joe,Wiggins,joanna78@hotmail.com,Female,001-985-118-1542x472,"19996 Sweeney Shoal, Walkerview, NV 53038",Nauru,2004-01-18
99,Morgan,Owens,philip58@gmail.com,Non-binary,001-471-310-9627x04729,"934 Richard Route Apt. 038, Emilyburgh, OK 16154",Haiti,1991-03-01
100,Aaron,Fox,uraymond@carson.com,Female,493-471-7527,"67823 Thomas Meadows, Lake Katherine, NH 23187",Lao People's Democratic Republic,1957-08-26
